{"_step":11,"train/epoch":5,"total_flos":1.2938936573952e+15,"training_time":0,"_wandb":{"runtime":301},"eval/runtime":3.8492,"train/grad_norm":29817.537109375,"squad_exact_match_greedy_{}":20,"_timestamp":1.752100446631804e+09,"train_loss":Infinity,"train_samples_per_second":34.126,"_runtime":300.349667006,"eval/samples_per_second":51.959,"trainable_params":221184,"eval_loss":0.2478853464126587,"train/loss":0.2567,"train_steps_per_second":0.546,"train/global_step":160,"train/learning_rate":0.00038124999999999997,"squad_exact_match_top_k_{'top_k': 5}":0,"squad_f1_greedy_{}":65.33333333333334,"eval/steps_per_second":3.377,"squad_f1_top_k_{'top_k': 5}":42,"training_steps":160,"train_runtime":293.033,"eval/loss":0.2478853464126587}